assetabbr,compname
CAS,domi
CAS,adm
CAS,bdbm
CAS,bid
CAS,bmgr
CAS,brdm
CAS,dbm
CAS,dcmm
CAS,dsm
CAS,hcvh
CAS,moduleTest_cas
CAS,pas
CAS,pdm
CAS,rmi
CAS,ssm
CAS,sstor
CAS,sstorv
CAS,txn
Diag,bcdm
Diag,dcd
Diag,dcdm
Diag,ddc
Diag,ddce
Diag,dev
Diag,dq
Diag,dqcfg
Diag,moduleTest_ds
Diag,nvps
Diag,rdm
Diag,rds
Diag,scap
Diag,scapr
Diag,spri
Diag,vus
Diag,ftdcm
Diag,ftdcr
Diag,wlc
Diag,wlci
ENCL,SBOD
ENCL,WembleyFC / Wrigley
ENCL,Shea
ENCL,Ebbets
ENCL,Camden
ENCL,Wembley 60
ENCL,Badger
ENCL,SasDCM
ENCL,Cyclone
ENCL,TrafDCM
ENCL,Dodger
ENCL,Yankee
ENCL,WemESMF /Husker
ENCL,MileHigh
ENCL,WemDCMF
ENCL,Trafford
ENCL,Wildcat
ENCL,Tiger
FOUND,SAFE
FOUND,SYMbol
FOUND,acs
FOUND,boost
FOUND,cdm
FOUND,cmgr
FOUND,cmn
FOUND,cpm
FOUND,csm
FOUND,dlmgr
FOUND,edl
FOUND,FBDT
FOUND,fbi
FOUND,fbm
FOUND,hck
FOUND,icm
FOUND,icon
FOUND,ivmhb
FOUND,lem
FOUND,lock
FOUND,lputl
FOUND,mbm
FOUND,mel
FOUND,mlm
FOUND,moduleTest_fnd1
FOUND,moduleTest_fnd2
FOUND,ogm
FOUND,osa
FOUND,pcm
FOUND,rdac
FOUND,refm
FOUND,rph
FOUND,sam
FOUND,scm
FOUND,sod
FOUND,sofd
FOUND,stati
FOUND,statm
FOUND,SYMbolAPI
FOUND,symutl
FOUND,tpm
FOUND,umi
FOUND,utl
FOUND,snmp
FOUND,ect
HPD,veos-fw-update
HPD,bldDom0
HPD,veos-boot
HPD,veos-build
HPD,veos-hwl
HPD,veos-login
HPD,veos-networking
HPD,veos-persist
HPD,veos-ras
HPD,veos-vminit
HPD,xen
HPD,linux
HPD,hello
HPD,qemu
IOI1,asu
IOI1,dcfi
IOI1,dcm
IOI1,dds
IOI1,dem
IOI1,dnm
IOI1,fcd
IOI1,fci
IOI1,fcn
IOI1,fcni
IOI1,fde
IOI1,fdeEmul
IOI1,fdem
IOI1,fdish
IOI1,fdisup
IOI1,fdisvc
IOI1,hdci
IOI1,hid
IOI1,htd
IOI1,icn
IOI1,icni
IOI1,idr
IOI1,iocfi
IOI1,ion
IOI1,ioni
IOI1,lite
IOI1,moduleTest_ioi1
IOI1,pfa
IOI1,pm
IOI1,pmi
IOI1,psrm
IOI1,qlfc
IOI1,rad
IOI1,satfd
IOI1,satfn
IOI1,scsi
IOI1,sdc
IOI1,sdd
IOI1,sdhc
IOI1,sdm
IOI1,sdn
IOI1,soc
IOI1,ssd
IOI1,usbd
IOI1,wwn
IOI1,xbfd
IOI1,dems
IOI1,dpa
IOI1,tscn
IOI1,adrc
IOI1,ddrc
IOI1,dum
IOI2,sas-lsi_saschip
IOI2,LSISAS2IOC
IOI2,LSISAS2x36
IOI2,sas_pl
IOI2,sasfi
IOI2,sasn
IOI2,sasni
IOI2,sas_Images-SASExpander
IOI2,sas_Images-SASIOC
IOI2,sas_scrutiny
IOI2,sas-ESM FW
IOI3,b_isn
IOI3,b_qlg40xx
IOI3,BladeEng2
IOI3,iscsi
IOI3,iSCSI_Initiator
IOI3,isni
IOI3,mtlsebe
IOI3,QLA4022
IOI3,qpge
IOI3,SolarFlare
IOI3,SolarFlare1
IOI3,mtlqlg
IOI3,isd
IOI3,mtliser
IOI4,ib
IOI4,ib_core
IOI4,ib_hw
IOI4,Lib
IOI4,OFED_driver
IOI4,NetApp
IOI4,ofedi
IOI4,ibHcaFw
IOI4,ibn
IOI4,ibni
IOI4,LCL
IOI4,mtfe
IOI4,srp
IOI4,srpn
IOI4,srpni
IOS,cmd
IOS,dmov
IOS,ecv
IOS,edr
IOS,eel
IOS,eeli
IOS,evf_ios
IOS,ifsi
IOS,ifsm
IOS,ioship
IOS,ipras
IOS,lam
IOS,lki
IOS,lkm
IOS,moduleTest_ios
IOS,pres
IOS,ram
IOS,ras
IOS,rasi
IOS,rtr
IOS,snr
IOS,spm
IOS,sync
IOS,tpgm
IOS,utm
Plat,PSV
Plat,FPGA
Plat,BCM
Plat,BIOS
Plat,BIOS_IMAGE
Plat,board
Plat,Boot
Plat,BSM
Plat,BSP_i8134x
Plat,BSP_Meteor
Plat,BSP_Nehalem
Plat,BSP_XBB
Plat,BSP_Xen
Plat,chipset
Plat,common
Plat,cpu
Plat,Diag
Plat,DIAGSEBE
Plat,ecm
Plat,FFS
Plat,FPGA_IMAGE
Plat,I2C
Plat,MAPI
Plat,Menu
Plat,moduleTest_plat
Plat,mpm
Plat,NET
Plat,NV
Plat,pdq
Plat,pwsplm
Plat,sbbm
Plat,Spy
Plat,spyUtl
Plat,SX
Plat,ValidationTests
Plat,VKI
Plat,VxWorks
Plat,ZLib
Plat,SO
Plat,BSP_Invader
VCFG,adp
VCFG,arvm
VCFG,ccvm_vcfg
VCFG,concat
VCFG,evf
VCFG,evf_vcfg
VCFG,fcm_vcfg
VCFG,mdat_vcfg
VCFG,moduleTest_vcfg
VCFG,pitm
VCFG,rmvm_vcfg
VCFG,rtd
VCFG,rvm_vcfg
VCFG,tpvm_vcfg
VCFG,vcpy_vcfg
VCFG,vdm_shared
VCFG,vdm_crush
VCFG,exop
VCFG,vdm_vcfg
VIO,pi_vio
VIO,ccvm_vio
VIO,cow
VIO,evf_vio
VIO,fcm_vio
VIO,hlvutl
VIO,iop
VIO,iopi
VIO,mdat_vio
VIO,moduleTest_vio
VIO,rmvm_vio
VIO,rvm_vio
VIO,TAPI_vio
VIO,tpvm_vio
VIO,vcpy_vio
VIO,vdm_vio
VIO,ddp_vio
VIO,arvm_vio
VIOS,buc 
VIOS,cache_generic
VIOS,ccm
VIOS,dvc 
VIOS,evf_vios
VIOS,moduleTest_vios
VIOS,ncb 
VIOS,pbm 
VIOS,psm
VIOS,pstor
VIOS,rpa
VIOS,rpai
VIOS,TAPI_vios
VIOS,vtm
VIOS,rpa_lld_cb3
VIOS,rpa_lld_blade
VIOS,cache_atomic_write
VIOS,cache_pbkp
VIOS,ccm_pbkp
VIOS,fpeCRC_CB3
VIOS,pdvc
VIOS,rpa_fpe
VIOS,rpa_ecc
